Aggregator,CompanyName,CompanyURL
apmlist,Adobe,https://www.tryexponent.com/guides/adobe-pm-interview?src=apmlist?ref=apmlist&utm_medium=affiliate&utm_campaign=apmlist-table
apmlist,Airbnb,https://www.tryexponent.com/guides/airbnb-pm-interview?src=apmlist?ref=apmlist&utm_medium=affiliate&utm_campaign=apmlist-table
apmlist,Amazon,https://www.tryexponent.com/guides/amazon-pm-interview?src=apmlist?ref=apmlist&utm_medium=affiliate&utm_campaign=apmlist-table
apmlist,Atlassian,https://www.tryexponent.com/guides/atlassian-pm-interview?src=apmlist?ref=apmlist&utm_medium=affiliate&utm_campaign=apmlist-table
apmlist,Atlassian,https://www.tryexponent.com/guides/atlassian-pm-interview?src=apmlist?ref=apmlist&utm_medium=affiliate&utm_campaign=apmlist-table
apmlist,CapitalOne,https://www.tryexponent.com/guides/capital-one-apm-interview?src=apmlist?ref=apmlist&utm_medium=affiliate&utm_campaign=apmlist-table
apmlist,Coinbase,https://www.tryexponent.com/guides/coinbase-pm-interview?src=apmlist?ref=apmlist&utm_medium=affiliate&utm_campaign=apmlist-table
apmlist,Disney,https://www.tryexponent.com/guides/disney-pm-interview?src=apmlist?ref=apmlist&utm_medium=affiliate&utm_campaign=apmlist-table
apmlist,DoorDash,https://www.tryexponent.com/guides/doordash-pm-interview?src=apmlist?ref=apmlist&utm_medium=affiliate&utm_campaign=apmlist-table
apmlist,Dropbox,https://www.tryexponent.com/guides/dropbox-ngpm?src=apmlist?ref=apmlist&utm_medium=affiliate&utm_campaign=apmlist-table
apmlist,Google,https://www.tryexponent.com/guides/google-apm-interview?src=apmlist?ref=apmlist&utm_medium=affiliate&utm_campaign=apmlist-table
apmlist,Google (APMM),https://www.tryexponent.com/guides/google-pmm-interview?src=apmlist?ref=apmlist&utm_medium=affiliate&utm_campaign=apmlist-table
apmlist,IBM,https://www.tryexponent.com/guides/ibm-om-interview?src=apmlist?ref=apmlist&utm_medium=affiliate&utm_campaign=apmlist-table
apmlist,Intuit,https://www.tryexponent.com/guides/intuit-pm-interview?src=apmlist?ref=apmlist&utm_medium=affiliate&utm_campaign=apmlist-table
apmlist,LinkedIn,https://www.tryexponent.com/guides/linkedin-apm-interview?src=apmlist?ref=apmlist&utm_medium=affiliate&utm_campaign=apmlist-table
apmlist,Lyft,https://www.tryexponent.com/guides/lyft-pm-interview?src=apmlist?ref=apmlist&utm_medium=affiliate&utm_campaign=apmlist-table
apmlist,Meta,https://www.tryexponent.com/guides/facebook-rpm-interview?src=apmlist?ref=apmlist&utm_medium=affiliate&utm_campaign=apmlist-table
apmlist,Microsoft,https://www.tryexponent.com/guides/microsoft-pm-interview?src=apmlist?ref=apmlist&utm_medium=affiliate&utm_campaign=apmlist-table
apmlist,Shopify,https://www.tryexponent.com/guides/shopify-pm-interview?src=apmlist?ref=apmlist&utm_medium=affiliate&utm_campaign=apmlist-table
apmlist,Snap,https://www.tryexponent.com/guides/snap-pm-interview?src=apmlist?ref=apmlist&utm_medium=affiliate&utm_campaign=apmlist-table
apmlist,Spotify,https://www.tryexponent.com/guides/spotify-pm-interview?src=apmlist?ref=apmlist&utm_medium=affiliate&utm_campaign=apmlist-table
apmlist,Stripe,https://www.tryexponent.com/guides/stripe-pm-interview?src=apmlist?ref=apmlist&utm_medium=affiliate&utm_campaign=apmlist-table
apmlist,TikTok,https://www.tryexponent.com/guides/tiktok-pm-interview?src=apmlist?ref=apmlist&utm_medium=affiliate&utm_campaign=apmlist-table
apmlist,TikTok,https://www.tryexponent.com/guides/tiktok-pm-interview?src=apmlist?ref=apmlist&utm_medium=affiliate&utm_campaign=apmlist-table
apmlist,Tinder,https://www.tryexponent.com/guides/match-pm-interview?src=apmlist?ref=apmlist&utm_medium=affiliate&utm_campaign=apmlist-table
apmlist,Uber,https://www.tryexponent.com/guides/uber-pm-interview?src=apmlist?ref=apmlist&utm_medium=affiliate&utm_campaign=apmlist-table
apmlist,Walmart,https://www.tryexponent.com/guides/walmart-labs-pm-interview?src=apmlist?ref=apmlist&utm_medium=affiliate&utm_campaign=apmlist-table
apmlist,Workday,https://www.tryexponent.com/guides/workday-pm-interview?src=apmlist?ref=apmlist&utm_medium=affiliate&utm_campaign=apmlist-table
apmlist,Yahoo,https://www.tryexponent.com/guides/yahoo-apm?src=apmlist?ref=apmlist&utm_medium=affiliate&utm_campaign=apmlist-table
apmlist,Adobe,https://www.tryexponent.com/guides/adobe-pm-interview?src=apmlist?ref=apmlist&utm_medium=affiliate&utm_campaign=apmlist-table
apmlist,Amazon,https://www.tryexponent.com/guides/amazon-pm-interview?src=apmlist?ref=apmlist&utm_medium=affiliate&utm_campaign=apmlist-table
apmlist,Apple (MBA/Masters),https://www.tryexponent.com/guides/apple-pm-interview?src=apmlist?ref=apmlist&utm_medium=affiliate&utm_campaign=apmlist-table
apmlist,CapitalOne,https://www.tryexponent.com/guides/capital-one-apm-interview?src=apmlist?ref=apmlist&utm_medium=affiliate&utm_campaign=apmlist-table
apmlist,Coinbase,https://www.tryexponent.com/guides/coinbase-pm-interview?src=apmlist?ref=apmlist&utm_medium=affiliate&utm_campaign=apmlist-table
apmlist,Dropbox,https://www.tryexponent.com/guides/dropbox-ngpm?src=apmlist?ref=apmlist&utm_medium=affiliate&utm_campaign=apmlist-table
apmlist,Google,https://www.tryexponent.com/guides/google-apm-interview?src=apmlist?ref=apmlist&utm_medium=affiliate&utm_campaign=apmlist-table
apmlist,IBM,https://www.tryexponent.com/guides/ibm-om-interview?src=apmlist?ref=apmlist&utm_medium=affiliate&utm_campaign=apmlist-table
apmlist,Intuit,https://www.tryexponent.com/guides/intuit-pm-interview?src=apmlist?ref=apmlist&utm_medium=affiliate&utm_campaign=apmlist-table
apmlist,LinkedIn,https://www.tryexponent.com/guides/linkedin-apm-interview?src=apmlist?ref=apmlist&utm_medium=affiliate&utm_campaign=apmlist-table
apmlist,Spotify,https://www.tryexponent.com/guides/spotify-pm-interview?src=apmlist?ref=apmlist&utm_medium=affiliate&utm_campaign=apmlist-table
apmlist,TikTok (MBA),https://www.tryexponent.com/guides/tiktok-pm-interview?src=apmlist?ref=apmlist&utm_medium=affiliate&utm_campaign=apmlist-table
apmlist,Tinder,https://www.tryexponent.com/guides/match-pm-interview?src=apmlist?ref=apmlist&utm_medium=affiliate&utm_campaign=apmlist-table
apmlist,Walmart,https://www.tryexponent.com/guides/walmart-labs-pm-interview?src=apmlist?ref=apmlist&utm_medium=affiliate&utm_campaign=apmlist-table
apmlist,Workday,https://www.tryexponent.com/guides/workday-pm-interview?src=apmlist?ref=apmlist&utm_medium=affiliate&utm_campaign=apmlist-table
